{
  "threshold": 0.82,
  "accuracy": 0.9991666666666666,
  "precision": 0.998330550918197,
  "recall": 0.9966666666666667,
  "specificity": 0.9996666666666667,
  "f1": 0.9974979149291077,
  "balanced_accuracy": 0.9981666666666666,
  "auroc": 0.9999741666666667,
  "average_precision": 0.9998689594002448,
  "tp": 598,
  "tn": 2999,
  "fp": 1,
  "fn": 2,
  "loss": 0.003951216086279601
}